Country,u2017,r2017,id,Year
China,3132.2,1519,CHN,2017
US,2234.9,970,USA,2017
India,753.7,3672,IND,2017
Russian Federation,698.3,1919,RUS,2017
Japan,456.4,3998,JPN,2017
Canada,348.7,3285,CAN,2017
Germany,335.1,3155,DEU,2017
South Korea,295.9,488,KOR,2017
Brazil,294.4,978,BRA,2017
Saudi Arabia,268.3,1027,SAU,2017
France,237.9,3295,FRA,2017
United Kingdom,191.3,3974,GBR,2017
Mexico,189.3,2473,MEX,2017
Indonesia,175.2,3267,IDN,2017
Turkey,157.7,1104,TUR,2017
Italy,156,3108,ITA,2017
Australia,139.4,999,AUS,2017
Spain,138.8,1940,ESP,2017
Thailand,129.7,3134,THA,2017
South Africa,120.6,734,ZAF,2017
Taiwan,115.1,3855,TWN,2017
United Arab Emirates,108.7,2479,ARE,2017
Poland,102.1,3310,POL,2017
Malaysia,99.6,3460,MYS,2017
Egypt,91.6,717,EGY,2017
Singapore,86.5,3648,SGP,2017
Netherlands,86.1,266,NLD,2017
Argentina,85.9,2694,ARG,2017
Ukraine,81.9,3525,UKR,2017
Pakistan,80.9,2597,PAK,2017
Vietnam,75.3,222,VNM,2017
Venezuela,74.2,1793,VEN,2017
Kazakhstan,67.4,1438,KAZ,2017
Belgium,62.3,1191,BEL,2017
Western Africa,56.5,1571,CAF,2017
Sweden,54.4,3231,SWE,2017
Eastern Africa,53.4,799,CAF,2017
Algeria,53.2,3978,DZA,2017
Iraq,49.2,2367,IRQ,2017
Norway,47.5,3935,NOR,2017
Philippines,43.3,3882,PHL,2017
Colombia,42.6,3210,COL,2017
Czech Republic,41.6,1398,CZE,2017
Chile,38.3,1045,CHL,2017
Austria,35.9,2545,AUT,2017
Romania,33.9,1128,ROU,2017
Bangladesh,33,3645,BGD,2017
China Hong Kong SAR,30.9,853,HKG,2017
Finland,27.6,2812,FIN,2017
Greece,27.6,31,GRC,2017
Portugal,26.4,3106,PRT,2017
Switzerland,26.4,164,CHE,2017
Peru,25.9,4000,PER,2017
Israel,25.8,2272,ISR,2017
Hungary,23.2,2306,HUN,2017
Belarus,23.2,3441,BLR,2017
Middle Africa,23,2612,CAF,2017
New Zealand,22.1,917,NZL,2017
Morocco,19.6,3271,MAR,2017
Bulgaria,18.8,1625,BGR,2017
Trinidad and Tobago,18.1,3924,TTO,2017
Denmark,17.3,3170,DNK,2017
Ecuador,16.5,2677,ECU,2017
Slovakia,16.2,3875,SVK,2017
Ireland,15.6,1766,IRL,2017
Azerbaijan,13.9,258,AZE,2017
Sri Lanka,7.7,1511,LKA,2017
Croatia,7.5,1626,HRV,2017
Latvia,4.2,133,LVA,2017
China,926,2828,CHN,2016
US,1229,763,USA,2016
India,1837,1150,IND,2016
Russian Federation,194,2436,RUS,2016
Japan,1853,1361,JPN,2016
Canada,2071,103,CAN,2016
Germany,2680,1776,DEU,2016
South Korea,37,1940,KOR,2016
Brazil,385,3212,BRA,2016
Saudi Arabia,2849,937,SAU,2016
France,688,2896,FRA,2016
United Kingdom,2080,1530,GBR,2016
Mexico,845,3572,MEX,2016
Indonesia,2135,1146,IDN,2016
Turkey,918,1634,TUR,2016
Italy,816,3222,ITA,2016
Australia,1421,3470,AUS,2016
Spain,1888,3581,ESP,2016
Thailand,680,3958,THA,2016
South Africa,2619,830,ZAF,2016
Taiwan,2031,2935,TWN,2016
United Arab Emirates,1267,3786,ARE,2016
Poland,2738,841,POL,2016
Malaysia,2459,401,MYS,2016
Egypt,207,842,EGY,2016
Singapore,2842,1727,SGP,2016
Netherlands,2768,52,NLD,2016
Argentina,293,3441,ARG,2016
Ukraine,1524,2437,UKR,2016
Pakistan,119,3757,PAK,2016
Vietnam,2718,1066,VNM,2016
Venezuela,100,465,VEN,2016
Kazakhstan,473,2258,KAZ,2016
Belgium,2676,2923,BEL,2016
Western Africa,884,3745,CAF,2016
Sweden,1787,184,SWE,2016
Eastern Africa,1675,2095,CAF,2016
Algeria,2406,748,DZA,2016
Iraq,2336,2427,IRQ,2016
Norway,1255,1868,NOR,2016
Philippines,961,957,PHL,2016
Colombia,831,1263,COL,2016
Czech Republic,2167,3668,CZE,2016
Chile,2393,1260,CHL,2016
Austria,857,1870,AUT,2016
Romania,2182,712,ROU,2016
Bangladesh,2058,529,BGD,2016
China Hong Kong SAR,2477,3964,HKG,2016
Finland,2536,681,FIN,2016
Greece,1757,144,GRC,2016
Portugal,1763,1210,PRT,2016
Switzerland,1831,563,CHE,2016
Peru,151,1157,PER,2016
Israel,89,26,ISR,2016
Hungary,341,1211,HUN,2016
Belarus,475,3223,BLR,2016
Middle Africa,1098,2592,CAF,2016
New Zealand,366,297,NZL,2016
Morocco,1240,3606,MAR,2016
Bulgaria,298,347,BGR,2016
Trinidad and Tobago,1838,2226,TTO,2016
Denmark,696,3181,DNK,2016
Ecuador,813,752,ECU,2016
Slovakia,563,3100,SVK,2016
Ireland,1828,2063,IRL,2016
Azerbaijan,724,2695,AZE,2016
Sri Lanka,406,1863,LKA,2016
Croatia,1217,1161,HRV,2016
Latvia,1718,2659,LVA,2016
China,1419,3887,CHN,2015
US,1044,1757,USA,2015
India,2456,2580,IND,2015
Russian Federation,2378,2777,RUS,2015
Japan,792,663,JPN,2015
Canada,1290,3407,CAN,2015
Germany,1880,3510,DEU,2015
South Korea,2922,328,KOR,2015
Brazil,1557,2527,BRA,2015
Saudi Arabia,1414,2921,SAU,2015
France,2789,91,FRA,2015
United Kingdom,2292,3556,GBR,2015
Mexico,2800,1144,MEX,2015
Indonesia,2332,1619,IDN,2015
Turkey,304,685,TUR,2015
Italy,1403,1195,ITA,2015
Australia,2046,2542,AUS,2015
Spain,2716,1711,ESP,2015
Thailand,2193,2474,THA,2015
South Africa,916,2226,ZAF,2015
Taiwan,1513,309,TWN,2015
United Arab Emirates,2783,2367,ARE,2015
Poland,1166,3520,POL,2015
Malaysia,1784,2398,MYS,2015
Egypt,2514,2788,EGY,2015
Singapore,2205,1110,SGP,2015
Netherlands,269,316,NLD,2015
Argentina,262,3003,ARG,2015
Ukraine,2342,3270,UKR,2015
Pakistan,1004,2596,PAK,2015
Vietnam,197,91,VNM,2015
Venezuela,2967,2865,VEN,2015
Kazakhstan,1371,3424,KAZ,2015
Belgium,413,416,BEL,2015
Western Africa,149,696,CAF,2015
Sweden,2499,1242,SWE,2015
Eastern Africa,2158,832,CAF,2015
Algeria,2373,3603,DZA,2015
Iraq,81,3332,IRQ,2015
Norway,2625,1794,NOR,2015
Philippines,164,734,PHL,2015
Colombia,333,1254,COL,2015
Czech Republic,2904,3086,CZE,2015
Chile,1142,3229,CHL,2015
Austria,1661,1298,AUT,2015
Romania,862,2586,ROU,2015
Bangladesh,1665,2296,BGD,2015
China Hong Kong SAR,2846,806,HKG,2015
Finland,2504,3376,FIN,2015
Greece,655,626,GRC,2015
Portugal,1147,2263,PRT,2015
Switzerland,1625,3486,CHE,2015
Peru,2809,3860,PER,2015
Israel,2212,1487,ISR,2015
Hungary,2359,3074,HUN,2015
Belarus,1385,552,BLR,2015
Middle Africa,19,882,CAF,2015
New Zealand,526,2902,NZL,2015
Morocco,1417,1257,MAR,2015
Bulgaria,530,1528,BGR,2015
Trinidad and Tobago,1105,1741,TTO,2015
Denmark,95,1558,DNK,2015
Ecuador,2641,3673,ECU,2015
Slovakia,2452,2397,SVK,2015
Ireland,2477,395,IRL,2015
Azerbaijan,45,325,AZE,2015
Sri Lanka,1754,3963,LKA,2015
Croatia,1599,1306,HRV,2015
Latvia,2989,2455,LVA,2015
China,2530,676,CHN,2014
US,2232,1551,USA,2014
India,617,1130,IND,2014
Russian Federation,2867,1582,RUS,2014
Japan,1054,3417,JPN,2014
Canada,523,2125,CAN,2014
Germany,409,1477,DEU,2014
South Korea,829,1930,KOR,2014
Brazil,322,98,BRA,2014
Saudi Arabia,117,1629,SAU,2014
France,686,883,FRA,2014
United Kingdom,2976,1348,GBR,2014
Mexico,2177,3172,MEX,2014
Indonesia,2073,1433,IDN,2014
Turkey,755,607,TUR,2014
Italy,2231,748,ITA,2014
Australia,2088,2195,AUS,2014
Spain,2333,1366,ESP,2014
Thailand,1618,1111,THA,2014
South Africa,154,328,ZAF,2014
Taiwan,647,1765,TWN,2014
United Arab Emirates,1502,2233,ARE,2014
Poland,18,3109,POL,2014
Malaysia,2340,679,MYS,2014
Egypt,2295,2775,EGY,2014
Singapore,1045,2174,SGP,2014
Netherlands,2603,2257,NLD,2014
Argentina,1126,2897,ARG,2014
Ukraine,1171,2103,UKR,2014
Pakistan,2691,3459,PAK,2014
Vietnam,2594,342,VNM,2014
Venezuela,2296,3235,VEN,2014
Kazakhstan,1123,2003,KAZ,2014
Belgium,72,1754,BEL,2014
Western Africa,2299,1305,CAF,2014
Sweden,2869,3768,SWE,2014
Eastern Africa,2189,3008,CAF,2014
Algeria,2687,798,DZA,2014
Iraq,2381,2649,IRQ,2014
Norway,2344,1989,NOR,2014
Philippines,758,2706,PHL,2014
Colombia,168,1077,COL,2014
Czech Republic,1439,218,CZE,2014
Chile,1230,3509,CHL,2014
Austria,2494,1017,AUT,2014
Romania,1835,86,ROU,2014
Bangladesh,293,755,BGD,2014
China Hong Kong SAR,2093,3836,HKG,2014
Finland,2606,1882,FIN,2014
Greece,2813,3742,GRC,2014
Portugal,1940,3712,PRT,2014
Switzerland,130,707,CHE,2014
Peru,1698,3604,PER,2014
Israel,2526,250,ISR,2014
Hungary,2062,2656,HUN,2014
Belarus,699,2286,BLR,2014
Middle Africa,760,1262,CAF,2014
New Zealand,2824,653,NZL,2014
Morocco,2726,3519,MAR,2014
Bulgaria,151,3262,BGR,2014
Trinidad and Tobago,892,2887,TTO,2014
Denmark,2741,2118,DNK,2014
Ecuador,2522,823,ECU,2014
Slovakia,2496,838,SVK,2014
Ireland,427,1521,IRL,2014
Azerbaijan,1572,1872,AZE,2014
Sri Lanka,1276,1873,LKA,2014
Croatia,2202,3562,HRV,2014
Latvia,345,2180,LVA,2014
China,2201,3163,CHN,2013
US,719,1384,USA,2013
India,727,3051,IND,2013
Russian Federation,1320,249,RUS,2013
Japan,2998,2452,JPN,2013
Canada,437,2026,CAN,2013
Germany,1521,62,DEU,2013
South Korea,1350,221,KOR,2013
Brazil,2012,833,BRA,2013
Saudi Arabia,839,3089,SAU,2013
France,2249,937,FRA,2013
United Kingdom,1483,844,GBR,2013
Mexico,1182,3290,MEX,2013
Indonesia,1432,336,IDN,2013
Turkey,108,2882,TUR,2013
Italy,2453,2037,ITA,2013
Australia,271,730,AUS,2013
Spain,982,3348,ESP,2013
Thailand,2039,1124,THA,2013
South Africa,1965,1238,ZAF,2013
Taiwan,1062,356,TWN,2013
United Arab Emirates,2350,3161,ARE,2013
Poland,541,755,POL,2013
Malaysia,2797,510,MYS,2013
Egypt,2396,1447,EGY,2013
Singapore,2275,3219,SGP,2013
Netherlands,2562,586,NLD,2013
Argentina,1831,341,ARG,2013
Ukraine,2890,3706,UKR,2013
Pakistan,1723,3153,PAK,2013
Vietnam,2231,3973,VNM,2013
Venezuela,1678,3264,VEN,2013
Kazakhstan,2569,3204,KAZ,2013
Belgium,131,1291,BEL,2013
Western Africa,431,1106,CAF,2013
Sweden,221,110,SWE,2013
Eastern Africa,2852,2214,CAF,2013
Algeria,1436,3270,DZA,2013
Iraq,2019,3481,IRQ,2013
Norway,444,2237,NOR,2013
Philippines,2536,2180,PHL,2013
Colombia,1231,899,COL,2013
Czech Republic,1192,1939,CZE,2013
Chile,993,3388,CHL,2013
Austria,1243,3542,AUT,2013
Romania,188,1208,ROU,2013
Bangladesh,1610,2844,BGD,2013
China Hong Kong SAR,323,573,HKG,2013
Finland,1655,1028,FIN,2013
Greece,1788,1943,GRC,2013
Portugal,1348,3208,PRT,2013
Switzerland,1882,3302,CHE,2013
Peru,2568,3405,PER,2013
Israel,734,463,ISR,2013
Hungary,2097,591,HUN,2013
Belarus,98,2366,BLR,2013
Middle Africa,1416,3428,CAF,2013
New Zealand,1660,1642,NZL,2013
Morocco,2225,597,MAR,2013
Bulgaria,2681,2344,BGR,2013
Trinidad and Tobago,12,3688,TTO,2013
Denmark,2942,1297,DNK,2013
Ecuador,990,3726,ECU,2013
Slovakia,2658,2173,SVK,2013
Ireland,1199,3761,IRL,2013
Azerbaijan,122,3707,AZE,2013
Sri Lanka,219,2074,LKA,2013
Croatia,2922,2525,HRV,2013
Latvia,2729,2785,LVA,2013
China,1824,3100,CHN,2012
US,2414,3403,USA,2012
India,558,3141,IND,2012
Russian Federation,1326,1339,RUS,2012
Japan,849,1085,JPN,2012
Canada,1911,619,CAN,2012
Germany,1471,2779,DEU,2012
South Korea,1557,529,KOR,2012
Brazil,1133,2912,BRA,2012
Saudi Arabia,677,2157,SAU,2012
France,709,1544,FRA,2012
United Kingdom,2649,2333,GBR,2012
Mexico,989,1627,MEX,2012
Indonesia,1927,3936,IDN,2012
Turkey,1095,2184,TUR,2012
Italy,2410,1100,ITA,2012
Australia,89,2451,AUS,2012
Spain,2281,3258,ESP,2012
Thailand,1592,787,THA,2012
South Africa,2997,1872,ZAF,2012
Taiwan,611,863,TWN,2012
United Arab Emirates,2625,3883,ARE,2012
Poland,2642,3241,POL,2012
Malaysia,1432,195,MYS,2012
Egypt,823,1439,EGY,2012
Singapore,1660,3998,SGP,2012
Netherlands,2487,2194,NLD,2012
Argentina,1181,1229,ARG,2012
Ukraine,2544,510,UKR,2012
Pakistan,2658,2778,PAK,2012
Vietnam,2152,789,VNM,2012
Venezuela,1418,142,VEN,2012
Kazakhstan,2411,2122,KAZ,2012
Belgium,469,3675,BEL,2012
Western Africa,940,3416,CAF,2012
Sweden,1701,2957,SWE,2012
Eastern Africa,2958,86,CAF,2012
Algeria,1775,193,DZA,2012
Iraq,579,2917,IRQ,2012
Norway,2828,564,NOR,2012
Philippines,602,1599,PHL,2012
Colombia,2445,2398,COL,2012
Czech Republic,1303,1937,CZE,2012
Chile,722,2213,CHL,2012
Austria,666,2737,AUT,2012
Romania,1330,3349,ROU,2012
Bangladesh,684,3780,BGD,2012
China Hong Kong SAR,2155,3269,HKG,2012
Finland,2331,1115,FIN,2012
Greece,339,2377,GRC,2012
Portugal,2074,2618,PRT,2012
Switzerland,2919,2309,CHE,2012
Peru,575,2765,PER,2012
Israel,1003,743,ISR,2012
Hungary,2253,2469,HUN,2012
Belarus,1078,3752,BLR,2012
Middle Africa,813,2191,CAF,2012
New Zealand,851,3886,NZL,2012
Morocco,419,3636,MAR,2012
Bulgaria,2961,3535,BGR,2012
Trinidad and Tobago,2407,2434,TTO,2012
Denmark,1051,2276,DNK,2012
Ecuador,2527,2481,ECU,2012
Slovakia,2215,3722,SVK,2012
Ireland,1743,3598,IRL,2012
Azerbaijan,938,3666,AZE,2012
Sri Lanka,1570,2238,LKA,2012
Croatia,1980,3454,HRV,2012
Latvia,1094,2416,LVA,2012
China,2633,1260,CHN,2011
US,1619,2501,USA,2011
India,674,2319,IND,2011
Russian Federation,790,2132,RUS,2011
Japan,2950,661,JPN,2011
Canada,1869,586,CAN,2011
Germany,2031,904,DEU,2011
South Korea,294,3403,KOR,2011
Brazil,1261,521,BRA,2011
Saudi Arabia,290,3620,SAU,2011
France,513,3108,FRA,2011
United Kingdom,2066,2796,GBR,2011
Mexico,584,2855,MEX,2011
Indonesia,1515,215,IDN,2011
Turkey,444,571,TUR,2011
Italy,888,2436,ITA,2011
Australia,242,3089,AUS,2011
Spain,2315,1806,ESP,2011
Thailand,1306,1659,THA,2011
South Africa,1995,3791,ZAF,2011
Taiwan,1768,2450,TWN,2011
United Arab Emirates,2210,663,ARE,2011
Poland,1019,3198,POL,2011
Malaysia,2383,1870,MYS,2011
Egypt,194,3580,EGY,2011
Singapore,1152,1599,SGP,2011
Netherlands,538,2847,NLD,2011
Argentina,2546,2138,ARG,2011
Ukraine,2372,1175,UKR,2011
Pakistan,2742,1428,PAK,2011
Vietnam,2013,983,VNM,2011
Venezuela,131,85,VEN,2011
Kazakhstan,1436,3626,KAZ,2011
Belgium,2566,3093,BEL,2011
Western Africa,150,3149,CAF,2011
Sweden,1189,1915,SWE,2011
Eastern Africa,1081,1842,CAF,2011
Algeria,1808,181,DZA,2011
Iraq,1363,727,IRQ,2011
Norway,2603,563,NOR,2011
Philippines,1383,3735,PHL,2011
Colombia,2154,525,COL,2011
Czech Republic,1926,2585,CZE,2011
Chile,183,2298,CHL,2011
Austria,948,2754,AUT,2011
Romania,1776,3740,ROU,2011
Bangladesh,1771,3440,BGD,2011
China Hong Kong SAR,1035,922,HKG,2011
Finland,2237,2179,FIN,2011
Greece,1977,1480,GRC,2011
Portugal,1822,3982,PRT,2011
Switzerland,1182,3772,CHE,2011
Peru,461,498,PER,2011
Israel,676,125,ISR,2011
Hungary,2636,3716,HUN,2011
Belarus,1133,2740,BLR,2011
Middle Africa,1175,2075,CAF,2011
New Zealand,1584,377,NZL,2011
Morocco,2442,2124,MAR,2011
Bulgaria,934,3641,BGR,2011
Trinidad and Tobago,1949,1108,TTO,2011
Denmark,2898,82,DNK,2011
Ecuador,1927,2615,ECU,2011
Slovakia,2131,2178,SVK,2011
Ireland,1221,22,IRL,2011
Azerbaijan,717,949,AZE,2011
Sri Lanka,692,2079,LKA,2011
Croatia,516,3058,HRV,2011
Latvia,396,2698,LVA,2011
China,535,274,CHN,2010
US,1612,207,USA,2010
India,1090,80,IND,2010
Russian Federation,1758,1087,RUS,2010
Japan,1733,3718,JPN,2010
Canada,1180,1930,CAN,2010
Germany,1519,1712,DEU,2010
South Korea,2530,3955,KOR,2010
Brazil,1343,1252,BRA,2010
Saudi Arabia,685,3132,SAU,2010
France,2835,3411,FRA,2010
United Kingdom,1579,1418,GBR,2010
Mexico,1970,3120,MEX,2010
Indonesia,2970,1654,IDN,2010
Turkey,531,920,TUR,2010
Italy,2917,3791,ITA,2010
Australia,2805,954,AUS,2010
Spain,372,2453,ESP,2010
Thailand,1358,281,THA,2010
South Africa,2447,1225,ZAF,2010
Taiwan,1505,2549,TWN,2010
United Arab Emirates,626,865,ARE,2010
Poland,2994,125,POL,2010
Malaysia,1070,1466,MYS,2010
Egypt,2708,2776,EGY,2010
Singapore,1807,2097,SGP,2010
Netherlands,2487,49,NLD,2010
Argentina,1286,94,ARG,2010
Ukraine,112,3547,UKR,2010
Pakistan,1420,2416,PAK,2010
Vietnam,1806,1483,VNM,2010
Venezuela,422,2283,VEN,2010
Kazakhstan,112,2856,KAZ,2010
Belgium,2643,3938,BEL,2010
Western Africa,2435,731,CAF,2010
Sweden,2554,1054,SWE,2010
Eastern Africa,685,1707,CAF,2010
Algeria,2237,3190,DZA,2010
Iraq,846,3691,IRQ,2010
Norway,1989,2802,NOR,2010
Philippines,723,1445,PHL,2010
Colombia,564,2752,COL,2010
Czech Republic,601,1776,CZE,2010
Chile,113,3808,CHL,2010
Austria,1251,2528,AUT,2010
Romania,2961,3209,ROU,2010
Bangladesh,14,3849,BGD,2010
China Hong Kong SAR,636,1734,HKG,2010
Finland,862,582,FIN,2010
Greece,746,678,GRC,2010
Portugal,712,2398,PRT,2010
Switzerland,460,2931,CHE,2010
Peru,2153,3375,PER,2010
Israel,1265,438,ISR,2010
Hungary,2602,3079,HUN,2010
Belarus,1392,207,BLR,2010
Middle Africa,1193,102,CAF,2010
New Zealand,2409,1855,NZL,2010
Morocco,1021,1186,MAR,2010
Bulgaria,234,3672,BGR,2010
Trinidad and Tobago,939,2739,TTO,2010
Denmark,408,721,DNK,2010
Ecuador,2131,174,ECU,2010
Slovakia,1062,410,SVK,2010
Ireland,1532,3938,IRL,2010
Azerbaijan,1708,1617,AZE,2010
Sri Lanka,237,1677,LKA,2010
Croatia,1337,1740,HRV,2010
Latvia,1612,2308,LVA,2010
China,956,1065,CHN,2009
US,2462,607,USA,2009
India,214,3062,IND,2009
Russian Federation,2189,1649,RUS,2009
Japan,2380,3708,JPN,2009
Canada,351,1851,CAN,2009
Germany,2361,1946,DEU,2009
South Korea,573,3461,KOR,2009
Brazil,1057,3009,BRA,2009
Saudi Arabia,1646,1791,SAU,2009
France,1381,3345,FRA,2009
United Kingdom,1300,752,GBR,2009
Mexico,1693,2442,MEX,2009
Indonesia,651,890,IDN,2009
Turkey,1931,3216,TUR,2009
Italy,2983,2140,ITA,2009
Australia,2687,3845,AUS,2009
Spain,1650,1133,ESP,2009
Thailand,725,3823,THA,2009
South Africa,2105,139,ZAF,2009
Taiwan,809,837,TWN,2009
United Arab Emirates,339,1711,ARE,2009
Poland,914,1752,POL,2009
Malaysia,1482,730,MYS,2009
Egypt,583,3771,EGY,2009
Singapore,1201,345,SGP,2009
Netherlands,325,384,NLD,2009
Argentina,1137,2837,ARG,2009
Ukraine,394,2130,UKR,2009
Pakistan,1592,862,PAK,2009
Vietnam,2537,1076,VNM,2009
Venezuela,2271,823,VEN,2009
Kazakhstan,136,3834,KAZ,2009
Belgium,2203,2698,BEL,2009
Western Africa,387,1989,CAF,2009
Sweden,2777,1718,SWE,2009
Eastern Africa,2689,3471,CAF,2009
Algeria,76,1243,DZA,2009
Iraq,1858,1336,IRQ,2009
Norway,1771,3197,NOR,2009
Philippines,108,269,PHL,2009
Colombia,1424,1002,COL,2009
Czech Republic,890,1345,CZE,2009
Chile,1547,931,CHL,2009
Austria,630,2101,AUT,2009
Romania,516,2074,ROU,2009
Bangladesh,2230,2883,BGD,2009
China Hong Kong SAR,2659,2967,HKG,2009
Finland,2730,3695,FIN,2009
Greece,858,3013,GRC,2009
Portugal,1140,3190,PRT,2009
Switzerland,2443,329,CHE,2009
Peru,910,2141,PER,2009
Israel,1656,2032,ISR,2009
Hungary,781,1289,HUN,2009
Belarus,691,2040,BLR,2009
Middle Africa,1059,459,CAF,2009
New Zealand,1344,1394,NZL,2009
Morocco,748,3257,MAR,2009
Bulgaria,2047,749,BGR,2009
Trinidad and Tobago,1841,2412,TTO,2009
Denmark,1567,1384,DNK,2009
Ecuador,2905,3647,ECU,2009
Slovakia,341,1573,SVK,2009
Ireland,35,545,IRL,2009
Azerbaijan,2107,873,AZE,2009
Sri Lanka,934,1028,LKA,2009
Croatia,1712,1109,HRV,2009
Latvia,1923,2707,LVA,2009
China,1538,1888,CHN,2008
US,1615,549,USA,2008
India,2462,2724,IND,2008
Russian Federation,1045,3200,RUS,2008
Japan,863,3129,JPN,2008
Canada,2266,3683,CAN,2008
Germany,2756,791,DEU,2008
South Korea,1657,250,KOR,2008
Brazil,355,2480,BRA,2008
Saudi Arabia,1615,471,SAU,2008
France,219,87,FRA,2008
United Kingdom,2526,2003,GBR,2008
Mexico,2623,1871,MEX,2008
Indonesia,2725,3149,IDN,2008
Turkey,872,2957,TUR,2008
Italy,2719,285,ITA,2008
Australia,40,874,AUS,2008
Spain,2480,1978,ESP,2008
Thailand,2732,2579,THA,2008
South Africa,125,2176,ZAF,2008
Taiwan,1515,185,TWN,2008
United Arab Emirates,576,584,ARE,2008
Poland,2807,740,POL,2008
Malaysia,158,1159,MYS,2008
Egypt,19,1041,EGY,2008
Singapore,1533,1201,SGP,2008
Netherlands,286,2093,NLD,2008
Argentina,2476,880,ARG,2008
Ukraine,619,876,UKR,2008
Pakistan,1205,3385,PAK,2008
Vietnam,2984,2561,VNM,2008
Venezuela,1519,3799,VEN,2008
Kazakhstan,2858,3815,KAZ,2008
Belgium,987,1066,BEL,2008
Western Africa,1542,2615,CAF,2008
Sweden,221,3441,SWE,2008
Eastern Africa,2575,3869,CAF,2008
Algeria,2639,2244,DZA,2008
Iraq,2037,3678,IRQ,2008
Norway,815,1753,NOR,2008
Philippines,671,1911,PHL,2008
Colombia,2137,2258,COL,2008
Czech Republic,25,1591,CZE,2008
Chile,1097,906,CHL,2008
Austria,1100,3410,AUT,2008
Romania,2349,2147,ROU,2008
Bangladesh,2724,1342,BGD,2008
China Hong Kong SAR,175,1931,HKG,2008
Finland,2977,394,FIN,2008
Greece,1805,3724,GRC,2008
Portugal,1929,1838,PRT,2008
Switzerland,645,3963,CHE,2008
Peru,775,1752,PER,2008
Israel,2809,3163,ISR,2008
Hungary,606,3814,HUN,2008
Belarus,869,1461,BLR,2008
Middle Africa,1286,3202,CAF,2008
New Zealand,720,3587,NZL,2008
Morocco,1698,3903,MAR,2008
Bulgaria,1951,15,BGR,2008
Trinidad and Tobago,1249,491,TTO,2008
Denmark,2362,484,DNK,2008
Ecuador,682,3074,ECU,2008
Slovakia,222,885,SVK,2008
Ireland,432,2736,IRL,2008
Azerbaijan,924,1588,AZE,2008
Sri Lanka,2341,2177,LKA,2008
Croatia,1611,3630,HRV,2008
Latvia,1216,1922,LVA,2008
China,286,981,CHN,2007
US,1868,2456,USA,2007
India,314,1561,IND,2007
Russian Federation,1828,3750,RUS,2007
Japan,979,3727,JPN,2007
Canada,2431,2863,CAN,2007
Germany,2781,2184,DEU,2007
South Korea,1597,360,KOR,2007
Brazil,2134,1387,BRA,2007
Saudi Arabia,1504,2069,SAU,2007
France,1772,3428,FRA,2007
United Kingdom,2940,1001,GBR,2007
Mexico,2322,1602,MEX,2007
Indonesia,902,3525,IDN,2007
Turkey,529,3840,TUR,2007
Italy,80,24,ITA,2007
Australia,2502,377,AUS,2007
Spain,1676,1159,ESP,2007
Thailand,1444,1546,THA,2007
South Africa,1620,2851,ZAF,2007
Taiwan,1822,1393,TWN,2007
United Arab Emirates,1348,1219,ARE,2007
Poland,1854,115,POL,2007
Malaysia,585,3665,MYS,2007
Egypt,279,2563,EGY,2007
Singapore,1354,1022,SGP,2007
Netherlands,2313,885,NLD,2007
Argentina,769,2527,ARG,2007
Ukraine,816,1507,UKR,2007
Pakistan,290,2899,PAK,2007
Vietnam,565,3715,VNM,2007
Venezuela,71,1933,VEN,2007
Kazakhstan,980,1353,KAZ,2007
Belgium,2321,455,BEL,2007
Western Africa,385,2573,CAF,2007
Sweden,489,3120,SWE,2007
Eastern Africa,1123,743,CAF,2007
Algeria,2626,3422,DZA,2007
Iraq,581,1479,IRQ,2007
Norway,2064,2152,NOR,2007
Philippines,1653,3239,PHL,2007
Colombia,1582,3320,COL,2007
Czech Republic,2536,2688,CZE,2007
Chile,165,3189,CHL,2007
Austria,1636,330,AUT,2007
Romania,2681,442,ROU,2007
Bangladesh,1364,2564,BGD,2007
China Hong Kong SAR,1557,3994,HKG,2007
Finland,1893,3315,FIN,2007
Greece,842,1459,GRC,2007
Portugal,1152,41,PRT,2007
Switzerland,1560,284,CHE,2007
Peru,295,3926,PER,2007
Israel,2380,1047,ISR,2007
Hungary,1322,2065,HUN,2007
Belarus,2133,744,BLR,2007
Middle Africa,1483,3079,CAF,2007
New Zealand,2046,1560,NZL,2007
Morocco,1177,1936,MAR,2007
Bulgaria,2891,95,BGR,2007
Trinidad and Tobago,2727,2059,TTO,2007
Denmark,150,3448,DNK,2007
Ecuador,371,2200,ECU,2007
Slovakia,1348,2769,SVK,2007
Ireland,208,3420,IRL,2007
Azerbaijan,1711,3967,AZE,2007
Sri Lanka,1912,2144,LKA,2007
Croatia,1264,357,HRV,2007
Latvia,2589,3833,LVA,2007
China,2756,3945,CHN,2006
US,2357,206,USA,2006
India,1821,3427,IND,2006
Russian Federation,1428,1739,RUS,2006
Japan,707,345,JPN,2006
Canada,2952,1919,CAN,2006
Germany,575,1528,DEU,2006
South Korea,365,3472,KOR,2006
Brazil,1883,1245,BRA,2006
Saudi Arabia,527,619,SAU,2006
France,145,3840,FRA,2006
United Kingdom,592,29,GBR,2006
Mexico,2448,296,MEX,2006
Indonesia,1164,1072,IDN,2006
Turkey,553,533,TUR,2006
Italy,587,3557,ITA,2006
Australia,1837,3237,AUS,2006
Spain,1807,245,ESP,2006
Thailand,2530,2114,THA,2006
South Africa,1484,3851,ZAF,2006
Taiwan,1466,2715,TWN,2006
United Arab Emirates,567,2742,ARE,2006
Poland,140,3152,POL,2006
Malaysia,2159,502,MYS,2006
Egypt,814,1826,EGY,2006
Singapore,933,1842,SGP,2006
Netherlands,283,1350,NLD,2006
Argentina,1033,3370,ARG,2006
Ukraine,424,537,UKR,2006
Pakistan,2298,2294,PAK,2006
Vietnam,194,3302,VNM,2006
Venezuela,56,1656,VEN,2006
Kazakhstan,2217,289,KAZ,2006
Belgium,2448,1688,BEL,2006
Western Africa,1624,1313,CAF,2006
Sweden,2659,3880,SWE,2006
Eastern Africa,1547,1127,CAF,2006
Algeria,93,2376,DZA,2006
Iraq,87,2958,IRQ,2006
Norway,1916,1377,NOR,2006
Philippines,1662,173,PHL,2006
Colombia,1708,1510,COL,2006
Czech Republic,2752,2444,CZE,2006
Chile,1030,2070,CHL,2006
Austria,565,1555,AUT,2006
Romania,2542,395,ROU,2006
Bangladesh,2362,3172,BGD,2006
China Hong Kong SAR,818,925,HKG,2006
Finland,336,2756,FIN,2006
Greece,2779,2656,GRC,2006
Portugal,1741,1415,PRT,2006
Switzerland,209,1602,CHE,2006
Peru,1170,193,PER,2006
Israel,211,77,ISR,2006
Hungary,2981,233,HUN,2006
Belarus,2351,50,BLR,2006
Middle Africa,2545,2698,CAF,2006
New Zealand,953,2305,NZL,2006
Morocco,1577,1715,MAR,2006
Bulgaria,2117,547,BGR,2006
Trinidad and Tobago,1260,520,TTO,2006
Denmark,1276,58,DNK,2006
Ecuador,2271,1680,ECU,2006
Slovakia,545,3574,SVK,2006
Ireland,2170,1998,IRL,2006
Azerbaijan,1273,166,AZE,2006
Sri Lanka,2966,1149,LKA,2006
Croatia,1587,2580,HRV,2006
Latvia,2300,891,LVA,2006
China,1667,3390,CHN,2005
US,126,2255,USA,2005
India,2564,611,IND,2005
Russian Federation,2551,65,RUS,2005
Japan,197,650,JPN,2005
Canada,1256,1274,CAN,2005
Germany,1430,1912,DEU,2005
South Korea,581,1760,KOR,2005
Brazil,2604,1182,BRA,2005
Saudi Arabia,1565,1250,SAU,2005
France,1443,1198,FRA,2005
United Kingdom,2349,273,GBR,2005
Mexico,2744,1569,MEX,2005
Indonesia,34,3193,IDN,2005
Turkey,2633,924,TUR,2005
Italy,1524,2267,ITA,2005
Australia,2234,2248,AUS,2005
Spain,224,1457,ESP,2005
Thailand,2033,2278,THA,2005
South Africa,2967,2740,ZAF,2005
Taiwan,1330,247,TWN,2005
United Arab Emirates,2276,2593,ARE,2005
Poland,1633,2426,POL,2005
Malaysia,386,1474,MYS,2005
Egypt,1541,1202,EGY,2005
Singapore,2788,3848,SGP,2005
Netherlands,1246,3844,NLD,2005
Argentina,1109,3217,ARG,2005
Ukraine,1448,1967,UKR,2005
Pakistan,696,2219,PAK,2005
Vietnam,2465,45,VNM,2005
Venezuela,1839,2925,VEN,2005
Kazakhstan,1691,301,KAZ,2005
Belgium,145,2470,BEL,2005
Western Africa,1562,1503,CAF,2005
Sweden,2269,2828,SWE,2005
Eastern Africa,1495,1831,CAF,2005
Algeria,1538,1722,DZA,2005
Iraq,1038,1916,IRQ,2005
Norway,2809,1149,NOR,2005
Philippines,2854,1990,PHL,2005
Colombia,672,3950,COL,2005
Czech Republic,1161,3119,CZE,2005
Chile,2945,3525,CHL,2005
Austria,841,1179,AUT,2005
Romania,901,960,ROU,2005
Bangladesh,259,2290,BGD,2005
China Hong Kong SAR,50,1969,HKG,2005
Finland,618,1984,FIN,2005
Greece,647,1839,GRC,2005
Portugal,1340,1352,PRT,2005
Switzerland,2092,1956,CHE,2005
Peru,1050,574,PER,2005
Israel,301,266,ISR,2005
Hungary,2326,3656,HUN,2005
Belarus,1984,3529,BLR,2005
Middle Africa,403,1398,CAF,2005
New Zealand,1057,312,NZL,2005
Morocco,980,14,MAR,2005
Bulgaria,541,3085,BGR,2005
Trinidad and Tobago,1555,1160,TTO,2005
Denmark,1223,2037,DNK,2005
Ecuador,50,2372,ECU,2005
Slovakia,1824,3216,SVK,2005
Ireland,1018,1106,IRL,2005
Azerbaijan,1754,3194,AZE,2005
Sri Lanka,2352,965,LKA,2005
Croatia,2765,2461,HRV,2005
Latvia,2882,3114,LVA,2005
China,2460,3706,CHN,2004
US,1448,3958,USA,2004
India,2888,364,IND,2004
Russian Federation,2735,2034,RUS,2004
Japan,1212,211,JPN,2004
Canada,938,1750,CAN,2004
Germany,1739,2092,DEU,2004
South Korea,439,2139,KOR,2004
Brazil,1745,2182,BRA,2004
Saudi Arabia,461,2834,SAU,2004
France,191,1388,FRA,2004
United Kingdom,2593,3101,GBR,2004
Mexico,2145,2442,MEX,2004
Indonesia,783,1598,IDN,2004
Turkey,2856,2332,TUR,2004
Italy,1209,2057,ITA,2004
Australia,1020,555,AUS,2004
Spain,1417,2470,ESP,2004
Thailand,369,1840,THA,2004
South Africa,1826,3361,ZAF,2004
Taiwan,1993,3919,TWN,2004
United Arab Emirates,98,2482,ARE,2004
Poland,153,3407,POL,2004
Malaysia,224,1898,MYS,2004
Egypt,1279,2683,EGY,2004
Singapore,543,3734,SGP,2004
Netherlands,908,1120,NLD,2004
Argentina,807,2473,ARG,2004
Ukraine,398,3955,UKR,2004
Pakistan,1176,2680,PAK,2004
Vietnam,2363,1030,VNM,2004
Venezuela,855,2303,VEN,2004
Kazakhstan,2846,267,KAZ,2004
Belgium,1400,119,BEL,2004
Western Africa,2817,3353,CAF,2004
Sweden,2559,3291,SWE,2004
Eastern Africa,487,3333,CAF,2004
Algeria,1261,2035,DZA,2004
Iraq,1981,165,IRQ,2004
Norway,1694,2670,NOR,2004
Philippines,1238,2402,PHL,2004
Colombia,1640,2026,COL,2004
Czech Republic,1886,1635,CZE,2004
Chile,843,3642,CHL,2004
Austria,979,94,AUT,2004
Romania,432,3254,ROU,2004
Bangladesh,2358,452,BGD,2004
China Hong Kong SAR,148,538,HKG,2004
Finland,492,3783,FIN,2004
Greece,969,425,GRC,2004
Portugal,1486,1818,PRT,2004
Switzerland,1148,1841,CHE,2004
Peru,2738,298,PER,2004
Israel,1270,3453,ISR,2004
Hungary,496,3951,HUN,2004
Belarus,143,3887,BLR,2004
Middle Africa,2809,3133,CAF,2004
New Zealand,2651,316,NZL,2004
Morocco,2538,3672,MAR,2004
Bulgaria,2369,3340,BGR,2004
Trinidad and Tobago,2305,1803,TTO,2004
Denmark,155,3981,DNK,2004
Ecuador,1786,1026,ECU,2004
Slovakia,2761,3177,SVK,2004
Ireland,1034,1916,IRL,2004
Azerbaijan,541,3788,AZE,2004
Sri Lanka,2864,2879,LKA,2004
Croatia,1299,2050,HRV,2004
Latvia,2726,1493,LVA,2004
China,1704,51,CHN,2003
US,746,1704,USA,2003
India,1405,3303,IND,2003
Russian Federation,985,691,RUS,2003
Japan,989,2193,JPN,2003
Canada,1552,1450,CAN,2003
Germany,1778,941,DEU,2003
South Korea,915,3841,KOR,2003
Brazil,2912,3674,BRA,2003
Saudi Arabia,2148,1670,SAU,2003
France,2976,827,FRA,2003
United Kingdom,1402,741,GBR,2003
Mexico,2709,3231,MEX,2003
Indonesia,1420,813,IDN,2003
Turkey,2385,3061,TUR,2003
Italy,1833,832,ITA,2003
Australia,1227,3500,AUS,2003
Spain,1941,1908,ESP,2003
Thailand,192,2783,THA,2003
South Africa,424,3884,ZAF,2003
Taiwan,2538,3365,TWN,2003
United Arab Emirates,436,1158,ARE,2003
Poland,1699,3066,POL,2003
Malaysia,890,2164,MYS,2003
Egypt,44,1286,EGY,2003
Singapore,792,3442,SGP,2003
Netherlands,2867,2404,NLD,2003
Argentina,2206,891,ARG,2003
Ukraine,57,1856,UKR,2003
Pakistan,1859,3491,PAK,2003
Vietnam,2073,3096,VNM,2003
Venezuela,1698,3523,VEN,2003
Kazakhstan,2727,147,KAZ,2003
Belgium,205,2103,BEL,2003
Western Africa,266,1835,CAF,2003
Sweden,1715,2629,SWE,2003
Eastern Africa,2485,934,CAF,2003
Algeria,577,3149,DZA,2003
Iraq,1389,1179,IRQ,2003
Norway,832,3998,NOR,2003
Philippines,2589,3451,PHL,2003
Colombia,1471,2125,COL,2003
Czech Republic,329,3700,CZE,2003
Chile,807,1873,CHL,2003
Austria,2859,477,AUT,2003
Romania,1030,1943,ROU,2003
Bangladesh,2705,3591,BGD,2003
China Hong Kong SAR,2503,3639,HKG,2003
Finland,228,2490,FIN,2003
Greece,1302,1828,GRC,2003
Portugal,12,593,PRT,2003
Switzerland,2029,3797,CHE,2003
Peru,25,3704,PER,2003
Israel,2743,1703,ISR,2003
Hungary,2253,2597,HUN,2003
Belarus,2424,3108,BLR,2003
Middle Africa,782,3208,CAF,2003
New Zealand,815,1272,NZL,2003
Morocco,2757,3683,MAR,2003
Bulgaria,1933,2512,BGR,2003
Trinidad and Tobago,2887,745,TTO,2003
Denmark,799,232,DNK,2003
Ecuador,2562,2497,ECU,2003
Slovakia,508,1715,SVK,2003
Ireland,2333,1778,IRL,2003
Azerbaijan,1472,3275,AZE,2003
Sri Lanka,1730,948,LKA,2003
Croatia,1220,2081,HRV,2003
Latvia,1086,142,LVA,2003
China,1202,3362,CHN,2002
US,2028,201,USA,2002
India,1582,2892,IND,2002
Russian Federation,884,681,RUS,2002
Japan,1458,3350,JPN,2002
Canada,1644,1564,CAN,2002
Germany,1983,2483,DEU,2002
South Korea,2543,1334,KOR,2002
Brazil,186,822,BRA,2002
Saudi Arabia,834,3031,SAU,2002
France,2983,2184,FRA,2002
United Kingdom,2898,2391,GBR,2002
Mexico,125,980,MEX,2002
Indonesia,629,533,IDN,2002
Turkey,2803,1348,TUR,2002
Italy,2559,3850,ITA,2002
Australia,2690,2941,AUS,2002
Spain,1788,3685,ESP,2002
Thailand,2726,3215,THA,2002
South Africa,43,2118,ZAF,2002
Taiwan,2555,1701,TWN,2002
United Arab Emirates,333,921,ARE,2002
Poland,2817,3567,POL,2002
Malaysia,1762,562,MYS,2002
Egypt,797,265,EGY,2002
Singapore,380,1639,SGP,2002
Netherlands,373,3304,NLD,2002
Argentina,2960,1505,ARG,2002
Ukraine,740,1736,UKR,2002
Pakistan,2267,1669,PAK,2002
Vietnam,1418,645,VNM,2002
Venezuela,1471,1392,VEN,2002
Kazakhstan,410,2539,KAZ,2002
Belgium,624,2140,BEL,2002
Western Africa,829,2638,CAF,2002
Sweden,2734,1368,SWE,2002
Eastern Africa,518,3660,CAF,2002
Algeria,616,392,DZA,2002
Iraq,2877,1269,IRQ,2002
Norway,1093,622,NOR,2002
Philippines,1492,3195,PHL,2002
Colombia,1822,1746,COL,2002
Czech Republic,112,2701,CZE,2002
Chile,1603,2274,CHL,2002
Austria,2310,3837,AUT,2002
Romania,949,2629,ROU,2002
Bangladesh,2660,2174,BGD,2002
China Hong Kong SAR,2458,2073,HKG,2002
Finland,2430,40,FIN,2002
Greece,1218,3392,GRC,2002
Portugal,2342,3372,PRT,2002
Switzerland,12,3164,CHE,2002
Peru,1146,3037,PER,2002
Israel,826,1699,ISR,2002
Hungary,1561,2499,HUN,2002
Belarus,1353,879,BLR,2002
Middle Africa,1938,3542,CAF,2002
New Zealand,1909,2058,NZL,2002
Morocco,2480,2803,MAR,2002
Bulgaria,1299,3443,BGR,2002
Trinidad and Tobago,1101,124,TTO,2002
Denmark,2424,3350,DNK,2002
Ecuador,686,933,ECU,2002
Slovakia,1559,531,SVK,2002
Ireland,220,965,IRL,2002
Azerbaijan,2123,975,AZE,2002
Sri Lanka,2475,1294,LKA,2002
Croatia,713,3730,HRV,2002
Latvia,2351,2909,LVA,2002
China,225,1459,CHN,2001
US,121,370,USA,2001
India,2660,336,IND,2001
Russian Federation,423,2061,RUS,2001
Japan,1016,3999,JPN,2001
Canada,1830,1416,CAN,2001
Germany,2769,350,DEU,2001
South Korea,1019,1472,KOR,2001
Brazil,648,3826,BRA,2001
Saudi Arabia,1556,695,SAU,2001
France,2050,83,FRA,2001
United Kingdom,559,881,GBR,2001
Mexico,1225,2273,MEX,2001
Indonesia,2136,240,IDN,2001
Turkey,534,662,TUR,2001
Italy,1081,2072,ITA,2001
Australia,266,1334,AUS,2001
Spain,784,3509,ESP,2001
Thailand,2594,2422,THA,2001
South Africa,1211,3810,ZAF,2001
Taiwan,2894,170,TWN,2001
United Arab Emirates,1176,2176,ARE,2001
Poland,350,1764,POL,2001
Malaysia,2015,59,MYS,2001
Egypt,823,3400,EGY,2001
Singapore,2242,311,SGP,2001
Netherlands,1220,364,NLD,2001
Argentina,260,715,ARG,2001
Ukraine,859,2994,UKR,2001
Pakistan,815,662,PAK,2001
Vietnam,1368,127,VNM,2001
Venezuela,1351,319,VEN,2001
Kazakhstan,236,2476,KAZ,2001
Belgium,485,2538,BEL,2001
Western Africa,1643,612,CAF,2001
Sweden,2965,1272,SWE,2001
Eastern Africa,1791,164,CAF,2001
Algeria,1139,1598,DZA,2001
Iraq,820,1650,IRQ,2001
Norway,2333,1915,NOR,2001
Philippines,1089,1808,PHL,2001
Colombia,2587,2655,COL,2001
Czech Republic,489,3782,CZE,2001
Chile,746,2923,CHL,2001
Austria,148,2227,AUT,2001
Romania,2633,2623,ROU,2001
Bangladesh,2020,695,BGD,2001
China Hong Kong SAR,720,1610,HKG,2001
Finland,206,3700,FIN,2001
Greece,1483,1220,GRC,2001
Portugal,1466,508,PRT,2001
Switzerland,803,1764,CHE,2001
Peru,364,2500,PER,2001
Israel,700,796,ISR,2001
Hungary,2963,981,HUN,2001
Belarus,1841,1475,BLR,2001
Middle Africa,1079,2425,CAF,2001
New Zealand,2965,1296,NZL,2001
Morocco,1382,3862,MAR,2001
Bulgaria,460,3668,BGR,2001
Trinidad and Tobago,969,833,TTO,2001
Denmark,168,2826,DNK,2001
Ecuador,2759,3789,ECU,2001
Slovakia,1446,3908,SVK,2001
Ireland,1609,807,IRL,2001
Azerbaijan,99,1849,AZE,2001
Sri Lanka,985,889,LKA,2001
Croatia,990,130,HRV,2001
Latvia,412,3240,LVA,2001
China,242,51,CHN,2000
US,828,1714,USA,2000
India,2825,2096,IND,2000
Russian Federation,1597,3259,RUS,2000
Japan,2871,2199,JPN,2000
Canada,239,3988,CAN,2000
Germany,203,276,DEU,2000
South Korea,1620,1067,KOR,2000
Brazil,2798,2522,BRA,2000
Saudi Arabia,658,1220,SAU,2000
France,2910,2078,FRA,2000
United Kingdom,1435,815,GBR,2000
Mexico,809,11,MEX,2000
Indonesia,2116,3708,IDN,2000
Turkey,2721,2455,TUR,2000
Italy,2414,2589,ITA,2000
Australia,45,16,AUS,2000
Spain,470,2742,ESP,2000
Thailand,2098,1079,THA,2000
South Africa,1655,2775,ZAF,2000
Taiwan,1976,3639,TWN,2000
United Arab Emirates,260,19,ARE,2000
Poland,2147,3344,POL,2000
Malaysia,125,2511,MYS,2000
Egypt,54,2801,EGY,2000
Singapore,2432,3114,SGP,2000
Netherlands,1135,2155,NLD,2000
Argentina,2157,559,ARG,2000
Ukraine,2447,3704,UKR,2000
Pakistan,1399,3605,PAK,2000
Vietnam,1178,402,VNM,2000
Venezuela,2504,807,VEN,2000
Kazakhstan,1145,1833,KAZ,2000
Belgium,1168,3681,BEL,2000
Western Africa,125,3247,CAF,2000
Sweden,1043,992,SWE,2000
Eastern Africa,1012,751,CAF,2000
Algeria,1894,1134,DZA,2000
Iraq,86,1720,IRQ,2000
Norway,1031,3215,NOR,2000
Philippines,1457,2727,PHL,2000
Colombia,240,3122,COL,2000
Czech Republic,1577,3154,CZE,2000
Chile,672,3641,CHL,2000
Austria,32,2249,AUT,2000
Romania,2806,1896,ROU,2000
Bangladesh,132,1838,BGD,2000
China Hong Kong SAR,2135,2411,HKG,2000
Finland,2014,3066,FIN,2000
Greece,2688,1264,GRC,2000
Portugal,1429,1769,PRT,2000
Switzerland,1437,2633,CHE,2000
Peru,2047,2724,PER,2000
Israel,2765,3394,ISR,2000
Hungary,1879,1395,HUN,2000
Belarus,2616,2237,BLR,2000
Middle Africa,488,2525,CAF,2000
New Zealand,2305,148,NZL,2000
Morocco,457,2534,MAR,2000
Bulgaria,2724,3629,BGR,2000
Trinidad and Tobago,2043,1499,TTO,2000
Denmark,2954,789,DNK,2000
Ecuador,2222,3173,ECU,2000
Slovakia,1056,34,SVK,2000
Ireland,281,3087,IRL,2000
Azerbaijan,2877,143,AZE,2000
Sri Lanka,2437,1872,LKA,2000
Croatia,2816,2404,HRV,2000
Latvia,1103,3400,LVA,2000
