Indicator_Country,Code,Energy_Country,,,Not in Indicators
Afghanistan,AFG,,,,Central America
Albania,ALB,,,,Eastern Africa
Algeria,DZA,Algeria,,,Guadeloupe
American Samoa,ASM,,,,Middle Africa
Andorra,AND,,,,Non-OECD
Angola,AGO,,,,Other Caribbean
Antigua and Barbuda,ATG,,,,Other CIS
Arab World,ARB,,,,Other Europe
Argentina,ARG,Argentina,,,Other Middle East
Armenia,ARM,,,,Other North Africa
Aruba,ABW,,,,Other Northern Africa
Australia,AUS,Australia,,,Other South America
Austria,AUT,Austria,,,Other Southern Africa
Azerbaijan,AZE,Azerbaijan,,,Russia
"Bahamas, The",BHS,,,,South Korea
Bahrain,BHR,,,,Sri Lanka
Bangladesh,BGD,Bangladesh,,,Taiwan
Barbados,BRB,,,,Total World
Belarus,BLR,Belarus,,,USSR
Belgium,BEL,Belgium,,,Western Africa
Belize,BLZ,,,,
Benin,BEN,,,,
Bermuda,BMU,,,,
Bhutan,BTN,,,,
Bolivia,BOL,,,,
Bosnia and Herzegovina,BIH,,,,
Botswana,BWA,,,,
Brazil,BRA,Brazil,,,
British Virgin Islands,VGB,,,,
Brunei Darussalam,BRN,,,,
Bulgaria,BGR,Bulgaria,,,
Burkina Faso,BFA,,,,
Burundi,BDI,,,,
Cabo Verde,CPV,,,,
Cambodia,KHM,,,,
Cameroon,CMR,,,,
Canada,CAN,Canada,,,
Caribbean small states,CSS,,,,
Cayman Islands,CYM,,,,
Central African Republic,CAF,,,,
Central Europe and the Baltics,CEB,,,,
Chad,TCD,,,,
Channel Islands,CHI,,,,
Chile,CHL,Chile,,,
China,CHN,China,,,
Colombia,COL,,,,
Comoros,COM,Colombia,,,
"Congo, Dem. Rep.",COD,,,,
"Congo, Rep.",COG,,,,
Costa Rica,CRI,Costa Rica,,,
Cote d'Ivoire,CIV,,,,
Croatia,HRV,Croatia,,,
Cuba,CUB,,,,
Curacao,CUW,,,,
Cyprus,CYP,Cyprus,,,
Czech Republic,CZE,Czech Republic,,,
Denmark,DNK,Denmark,,,
Djibouti,DJI,,,,
Dominica,DMA,,,,
Dominican Republic,DOM,,,,
Early-demographic dividend,EAR,,,,
East Asia & Pacific,EAS,,,,
East Asia & Pacific (excluding high income),EAP,,,,
East Asia & Pacific (IDA & IBRD countries),TEA,,,,
Ecuador,ECU,Ecuador,,,
"Egypt, Arab Rep.",EGY,Egypt,,,
El Salvador,SLV,El Salvador,,,
Equatorial Guinea,GNQ,,,,
Eritrea,ERI,,,,
Estonia,EST,Estonia,,,
Eswatini,SWZ,,,,
Ethiopia,ETH,Ethiopia,,,
Euro area,EMU,European Union #,,,
Europe & Central Asia,ECS,,,,
Europe & Central Asia (excluding high income),ECA,,,,
Europe & Central Asia (IDA & IBRD countries),TEC,,,,
European Union,EUU,,,,
Faroe Islands,FRO,,,,
Fiji,FJI,,,,
Finland,FIN,Finland,,,
Fragile and conflict affected situations,FCS,,,,
France,FRA,France,,,
French Polynesia,PYF,,,,
Gabon,GAB,,,,
"Gambia, The",GMB,,,,
Georgia,GEO,,,,
Germany,DEU,Germany,,,
Ghana,GHA,,,,
Gibraltar,GIB,,,,
Greece,GRC,Greece,,,
Greenland,GRL,,,,
Grenada,GRD,,,,
Guam,GUM,,,,
Guatemala,GTM,Guatemala,,,
Guinea,GIN,,,,
Guinea-Bissau,GNB,,,,
Guyana,GUY,,,,
Haiti,HTI,,,,
Heavily indebted poor countries (HIPC),HPC,,,,
High income,HIC,,,,
Honduras,HND,Honduras,,,
"Hong Kong SAR, China",HKG,China Hong Kong SAR,,,
Hungary,HUN,Hungary,,,
IBRD only,IBD,,,,
Iceland,ISL,Iceland,,,
IDA & IBRD total,IBT,,,,
IDA blend,IDB,,,,
IDA only,IDX,,,,
IDA total,IDA,,,,
India,IND,India,,,
Indonesia,IDN,Indonesia,,,
"Iran, Islamic Rep.",IRN,Iran,,,
Iraq,IRQ,Iraq,,,
Ireland,IRL,Ireland,,,
Isle of Man,IMN,,,,
Israel,ISR,Israel,,,
Italy,ITA,Italy,,,
Jamaica,JAM,,,,
Japan,JPN,Japan,,,
Jordan,JOR,,,,
Kazakhstan,KAZ,Kazakhstan,,,
Kenya,KEN,Kenya,,,
Kiribati,KIR,,,,
"Korea, Dem. Peopleâ€™s Rep.",PRK,,,,
"Korea, Rep.",KOR,,,,
Kosovo,XKX,,,,
Kuwait,KWT,Kuwait,,,
Kyrgyz Republic,KGZ,,,,
Lao PDR,LAO,,,,
Late-demographic dividend,LTE,,,,
Latin America & Caribbean,LCN,,,,
Latin America & Caribbean (excluding high income),LAC,,,,
Latin America & the Caribbean (IDA & IBRD countries),TLA,,,,
Latvia,LVA,Latvia,,,
Least developed countries: UN classification,LDC,,,,
Lebanon,LBN,,,,
Lesotho,LSO,,,,
Liberia,LBR,,,,
Libya,LBY,,,,
Liechtenstein,LIE,,,,
Lithuania,LTU,Lithuania,,,
Low & middle income,LMY,,,,
Low income,LIC,,,,
Lower middle income,LMC,,,,
Luxembourg,LUX,Luxembourg,,,
"Macao SAR, China",MAC,,,,
"Macedonia, FYR",MKD,Macedonia,,,
Madagascar,MDG,,,,
Malawi,MWI,,,,
Malaysia,MYS,Malaysia,,,
Maldives,MDV,,,,
Mali,MLI,,,,
Malta,MLT,,,,
Marshall Islands,MHL,,,,
Mauritania,MRT,,,,
Mauritius,MUS,,,,
Mexico,MEX,Mexico,,,
"Micronesia, Fed. Sts.",FSM,,,,
Middle East & North Africa,MEA,,,,
Middle East & North Africa (excluding high income),MNA,,,,
Middle East & North Africa (IDA & IBRD countries),TMN,,,,
Middle income,MIC,,,,
Moldova,MDA,,,,
Monaco,MCO,,,,
Mongolia,MNG,,,,
Montenegro,MNE,,,,
Morocco,MAR,Morocco,,,
Mozambique,MOZ,,,,
Myanmar,MMR,,,,
Namibia,NAM,,,,
Nauru,NRU,,,,
Nepal,NPL,,,,
Netherlands,NLD,Netherlands,,,
New Caledonia,NCL,,,,
New Zealand,NZL,New Zealand,,,
Nicaragua,NIC,Nicaragua,,,
Niger,NER,,,,
Nigeria,NGA,,,,
North America,NAC,,,,
Northern Mariana Islands,MNP,,,,
Norway,NOR,Norway,,,
Not classified,INX,,,,
OECD members,OED,OECD,,,
Oman,OMN,Oman,,,
Other small states,OSS,,,,
Pacific island small states,PSS,Other Asia Pacific,,,
Pakistan,PAK,Pakistan,,,
Palau,PLW,,,,
Panama,PAN,,,,
Papua New Guinea,PNG,Papua New Guinea,,,
Paraguay,PRY,,,,
Peru,PER,Peru,,,
Philippines,PHL,Philippines,,,
Poland,POL,Poland,,,
Portugal,PRT,Portugal,,,
Post-demographic dividend,PST,,,,
Pre-demographic dividend,PRE,,,,
Puerto Rico,PRI,,,,
Qatar,QAT,Qatar,,,
Romania,ROU,Romania,,,
Russian Federation,RUS,Russian Federation,,,
Rwanda,RWA,,,,
Samoa,WSM,,,,
San Marino,SMR,,,,
Sao Tome and Principe,STP,,,,
Saudi Arabia,SAU,Saudi Arabia,,,
Senegal,SEN,,,,
Serbia,SRB,,,,
Seychelles,SYC,,,,
Sierra Leone,SLE,,,,
Singapore,SGP,Singapore,,,
Sint Maarten (Dutch part),SXM,,,,
Slovak Republic,SVK,Slovakia,,,
Slovenia,SVN,Slovenia,,,
Small states,SST,,,,
Solomon Islands,SLB,,,,
Somalia,SOM,,,,
South Africa,ZAF,South Africa,,,
South Asia,SAS,,,,
South Asia (IDA & IBRD),TSA,,,,
South Sudan,SSD,,,,
Spain,ESP,Spain,,,
Sri Lanka,LKA,,,,
St. Kitts and Nevis,KNA,,,,
St. Lucia,LCA,,,,
St. Martin (French part),MAF,,,,
St. Vincent and the Grenadines,VCT,,,,
Sub-Saharan Africa,SSF,,,,
Sub-Saharan Africa (excluding high income),SSA,,,,
Sub-Saharan Africa (IDA & IBRD countries),TSS,,,,
Sudan,SDN,,,,
Suriname,SUR,,,,
Sweden,SWE,Sweden,,,
Switzerland,CHE,Switzerland,,,
Syrian Arab Republic,SYR,,,,
Tajikistan,TJK,,,,
Tanzania,TZA,,,,
Thailand,THA,Thailand,,,
Timor-Leste,TLS,,,,
Togo,TGO,,,,
Tonga,TON,,,,
Trinidad and Tobago,TTO,Trinidad & Tobago,,,
Tunisia,TUN,Turkey,,,
Turkey,TUR,Turkmenistan,,,
Turkmenistan,TKM,Ukraine,,,
Turks and Caicos Islands,TCA,,,,
Tuvalu,TUV,,,,
Uganda,UGA,,,,
Ukraine,UKR,,,,
United Arab Emirates,ARE,United Arab Emirates,,,
United Kingdom,GBR,United Kingdom,,,
United States,USA,US,,,
Upper middle income,UMC,,,,
Uruguay,URY,,,,
Uzbekistan,UZB,Uzbekistan,,,
Vanuatu,VUT,,,,
"Venezuela, RB",VEN,Venezuela,,,
Vietnam,VNM,Vietnam,,,
Virgin Islands (U.S.),VIR,,,,
West Bank and Gaza,PSE,,,,
World,WLD,,,,
"Yemen, Rep.",YEM,,,,
Zambia,ZMB,,,,
Zimbabwe,ZWE,,,,